College,Team,City,State,Conference
ASA College New York,Avengers,New York,New York,Northeast Football Conference
ASA College Miami,Silver Storm,Miami,Florida,Independent
Blinn,Buccaneers,Brenham,Texas,Southwest Junior College Football Conference
Butler CC,Grizzlies,El Dorado,Kansas,Kansas Jayhawk Community College Conference
Central Lakes,Raiders,Brainerd,Minnesota,Minnesota College Athletic Conference
Cisco,Wranglers,Cisco,Texas,Southwest Junior College Football Conference
Coahoma CC,Tigers,Clarksdale,Mississippi,Mississippi Association of Community & Junior Colleges
Coffeyville CC,Red Ravens,Coffeyville,Kansas,Kansas Jayhawk Community College Conference
Community Christian College (MI),Lions,Detroit,Michigan,Independent
DuPage,Chaparrals,Glen Ellyn,Illinois,Independent
Copiah-Lincoln CC,Wolfpack,Wesson,Mississippi,Mississippi Association of Community & Junior Colleges
Dodge City CC,Conquistadors,Dodge City,Kansas,Kansas Jayhawk Community College Conference
East Central CC,Warriors,Decatur,Mississippi,Mississippi Association of Community & Junior Colleges
East Mississippi CC,Lions,Scooba,Mississippi,Mississippi Association of Community & Junior Colleges
Ellsworth CC,Panthers,Iowa Falls,Iowa,Iowa Community College Athletic Conference
Erie CC,Kats,Buffalo,New York,Independent
Fond du Lac,Thunder,Cloquet,Minnesota,Minnesota College Athletic Conference
Garden City CC,Broncbusters,Garden City,Kansas,Kansas Jayhawk Community College Conference
Georgia Military,Bulldogs,Milledgeville,Georgia,Independent
Highland CC,Scotties,Highland,Kansas,Kansas Jayhawk Community College Conference
Hinds CC,Eagles,Raymond,Mississippi,Mississippi Association of Community & Junior Colleges
Holmes CC,Bulldogs,Goodman,Mississippi,Mississippi Association of Community & Junior Colleges
Hudson Valley CC,Vikings,Troy,New York,Independent
Hutchinson CC,Blue Dragons,Hutchinson,Kansas,Kansas Jayhawk Community College Conference
Independence CC,Pirates,Independence,Kansas,Kansas Jayhawk Community College Conference
Iowa Central CC,Tritons,Fort Dodge,Iowa,Iowa Community College Athletic Conference
Iowa Western CC,Reivers,Council Bluffs,Iowa,Iowa Community College Athletic Conference
Itasca CC,Vikings,Grand Rapids,Minnesota,Minnesota College Athletic Conference
Itawamba CC,Indians,Fulton,Mississippi,Mississippi Association of Community & Junior Colleges
Jones County JC,Bobcat,Ellisville,Mississippi,Mississippi Association of Community & Junior Colleges
Kilgore,Rangers,Kilgore,Texas,Southwest Junior College Football Conference
Lackawanna,Falcons,Scranton,Pennsylvania,Northeast Football Conference
Louisburg,Hurricanes,Louisburg,North Carolina,Independent
Mesabi Range,Norse,Virginia,Minnesota,Minnesota College Athletic Conference
Minnesota State CTC,Spartans,Fergus Falls,Minnesota,Minnesota College Athletic Conference
Minnesota West CTC,Bluejays,Worthington,Minnesota,Minnesota College Athletic Conference
Mississippi Delta CC,Trojans,Moorhead,Mississippi,Mississippi Association of Community & Junior Colleges
Mississippi Gulf Coast CC,Bulldogs,Perkinston,Mississippi,Mississippi Association of Community & Junior Colleges
Monroe,Mustangs,New Rochelle,New York,Northeast Football Conference
Nassau CC,Lions,Garden City,New York,Northeast Football Conference
Navarro,Bulldogs,Corsicana,Texas,Southwest Junior College Football Conference
New Mexico Military Inst.,Broncos,Roswell,New Mexico,Southwest Junior College Football Conference
North Dakota State College of Science,Wildcats,Wahpeton,North Dakota,Minnesota College Athletic Conference
Northeast Mississippi CC,Tigers,Booneville,Mississippi,Mississippi Association of Community & Junior Colleges
Northeastern Oklahoma A&M,Golden Norsemen,Miami,Oklahoma,Southwest Junior College Football Conference
Northwest Mississippi CC,Rangers,Senatobia,Mississippi,Mississippi Association of Community & Junior Colleges
Pearl River CC,Wildcats,Poplarville,Mississippi,Mississippi Association of Community & Junior Colleges
Rochester CTC,Yellowjackets,Rochester,Minnesota,Minnesota College Athletic Conference
Snow,Badgers,Ephraim,Utah,Independent
Southwest Mississippi CC,Bears,Summit,Mississippi,Mississippi Association of Community & Junior Colleges
Trinity Valley CC,Cardinals,Athens,Texas,Southwest Junior College Football Conference
Tyler JC,Apaches,Tyler,Texas,Southwest Junior College Football Conference
Vermilion CC,Ironmen,Ely,Minnesota,Minnesota College Athletic Conference
Chabot College,Gladiators,Hayward,California,Bay 6
Diablo Valley College,Vikings,Pleasant Hill,California,Bay 6
Laney College,Eagles,Oakland,California,Bay 6
City College of San Francisco,Rams,San Francisco,California,Bay 6
College of San Mateo,Bulldogs,San Mateo,California,Bay 6
San Joaquin Delta College,Mustangs,Stockton,California,Bay 6
American River College,Beavers,Sacramento,California,NorCal
Butte College,Roadrunners,Oroville,California,NorCal
Santa Rosa Junior College,Bear Cubs,Santa Rosa,California,NorCal
Shasta College,Knights,Redding,California,NorCal
Sierra College,Wolverines,Rocklin,California,NorCal
College of the Siskiyous,Eagles,Weed,California,NorCal
Fresno City College,Rams,Fresno,California,Valley
Modesto Junior College,Pirates,Modesto,California,Valley
Sacramento City College,Panthers,Sacramento,California,Valley
Reedley College,Tigers,Reedley,California,Valley
College of the Sequoias,Giants,Visalia,California,Valley
West Hills College Coalinga,Falcons,Coalinga,California,Valley
Gavilan College,Rams,Gilroy,California,Golden Coast
Hartnell College,Panthers,Salinas,California,Golden Coast
Merced College,Blue Devils,Merced,California,Golden Coast
Monterey Peninsula College,Lobos,Monterey,California,Golden Coast
San Jose City College,Jaguars,San Jose,California,Golden Coast
Contra Costa College,Comets,San Pablo,California,Pacific 7
De Anza College,Mountain Lions,Cupertino,California,Pacific 7
Feather River College,Golden Eagles,Quincy,California,Pacific 7
Foothill College,Owls,Los Altos Hills,California,Pacific 7
Los Medanos College,Mustangs,Pittsburg,California,Pacific 7
Yuba College,49ers,Marysville,California,Pacific 7
Chaffey College,Panthers,Rancho Cucamonga,California,Central
El Camino College,Warriors,Torrance,California,Central
Long Beach City College,Vikings,Long Beach,California,Central
Los Angeles Harbor College,Seahawks,Wilmington,California,Central
Mount San Antonio College,Mounties,Walnut,California,Central
Riverside City College,Tigers,Riverside,California,Central
Bakersfield College,Renegades,Bakersfield,California,Northern
College of the Canyons,Cougars,Santa Clarita,California,Northern
Cerritos College,Falcons,Norwalk,California,Northern
Moorpark College,Raiders,Moorpark,California,Northern
Santa Monica College,Corsairs,Santa Monica,California,Northern
Ventura College,Pirates,Ventura,California,Northern
Fullerton College,Hornets,Fullerton,California,Southern
Golden West College,Rustlers,Huntington Beach,California,Southern
Grossmont College,Griffins,El Cajon,California,Southern
Orange Coast College,Pirates,Costa Mesa,California,Southern
Palomar College,Comets,San Marcos,California,Southern
Saddleback College,Bobcats,Mission Viejo,California,Southern
College of the Desert,Roadrunners,Palm Desert,California,Mountain
Mt. San Jacinto College,Eagles,San Jacinto,California,Mountain
San Bernardino Valley College,Wolverines,San Bernardino,California,Mountain
San Diego Mesa College,Olympians,San Diego,California,Mountain
Southwestern College,Jaguars,Chula Vista,California,Mountain
Victor Valley College,Rams,Victorville,California,Mountain
Compton College,Tartars,Compton,California,Metro
East Los Angeles College,Huskies,Monterey Park,California,Metro
Glendale Community College,Vaqueros,Glendale,California,Metro
Los Angeles Southwest College,Cougars,Los Angeles,California,Metro
Pasadena City College,Lancers,Pasadena,California,Metro
Santa Ana College,Dons,Santa Ana,California,Metro
West Los Angeles College,Wildcats,Culver City,California,Metro
Antelope Valley College,Marauders,Lancaster,California,Pacific
Citrus College,Fighting Owls,Glendora,California,Pacific
Allan Hancock College,Bulldogs,Santa Maria,California,Pacific
Los Angeles Pierce College,Brahma Bulls,Woodland Hills,California,Pacific
Los Angeles Valley College,Monarchs,Valley Glen,California,Pacific
Santa Barbara City College,Vaqueros,Santa Barbara,California,Pacific
Community Christian College,Saints,Redlands,California,Independent
